Neighbourhood,total_appointments,no_show_rate,risk_rank
"Castle Rock",77,32.47,1
Mobile,64,29.69,2
Gardena,98,29.59,3
Oconomowoc,59,27.12,4
Dahlonega,63,26.98,5
Cambridge,52,26.92,6
Columbia,71,26.76,7
Eugene,86,26.74,8
Hartford,56,25.00,9
"Cedar Rapids",53,24.53,10
"Fort Wayne",83,24.10,11
Boone,75,24.00,12
Huntingdon,60,23.33,13
Roanoke,65,23.08,14
"Fort Worth",99,22.22,15
Blythewood,54,22.22,15
"Saint Louis",99,22.22,15
Albany,110,21.82,18
Bryant,60,21.67,19
Calhoun,84,21.43,20
Raleigh,70,21.43,20
Victorville,71,21.13,22
Coralville,84,20.24,23
Columbus,92,19.57,24
Livermore,77,19.48,25
Orlando,88,19.32,26
Dublin,146,19.18,27
"Fort Collins",73,19.18,27
Charlotte,55,18.18,29
"Miles City",54,16.67,30
Cary,74,16.22,31
Hampton,50,14.00,32
Vandalia,73,12.33,33
"Battle Creek",76,11.84,34
"Mount Arlington",65,10.77,35
Batesville,56,10.71,36
